{"cameraMode":{"drawMode":0,"name":"Shaded","section":"Shading Mode"},"sceneLighting":true,"audioPlay":false,"sceneViewState":{"showFog":true,"showMaterialUpdate":false,"showSkybox":true,"showFlares":true,"showImageEffects":true,"showParticleSystems":true},"in2DMode":false,"pivot":{"x":49.75282669067383,"y":-5.0001220703125,"z":-22.777233123779298},"rotation":{"x":0.05182797834277153,"y":0.9426661133766174,"z":-0.17476172745227815,"w":0.2795604467391968},"size":76.47154998779297,"orthographic":false}